name,name_corrected,alpha_2,alpha_3,country_code,iso_3166_2,island,region,sub_region,intermediate_region,region_code,sub_region_code,intermediate_region_code,airport.n,area.2020,seaport.n,asia.pca_ncell,asia.pca_ncellNA,asia.pca_ncellAVL,bioclim_stack.asia_PC1,bioclim_stack.asia_PC2,bioclim_stack.asia_PC3,bioclim_stack.asia_PC4,bioclim_stack.asia_PC5,bioclim_stack.asia_PC6,bioclim_stack.asia_PC7,wto.member,wto.year,Total_Population_1.July_1k_pop_2016,Total_Population_1.July_1k_pop_2017,Total_Population_1.July_1k_pop_2018,Total_Population_1.July_1k_pop_2019,Total_Population_1.July_1k_pop_2020,Area_km2_pop_2016,Area_km2_pop_2017,Area_km2_pop_2018,Area_km2_pop_2019,Area_km2_pop_2020,population_density_km2_pop_2016,population_density_km2_pop_2017,population_density_km2_pop_2018,population_density_km2_pop_2019,population_density_km2_pop_2020,mean.population_1k,mean.area_km2,mean.population.density_km2,HS_06,HS_07,HS_08,HS_09,HS_10,HS_11,HS_12,HS_13,HS_14,HS_TOTAL,HS_06_cpi2016,HS_07_cpi2016,HS_08_cpi2016,HS_09_cpi2016,HS_10_cpi2016,HS_11_cpi2016,HS_12_cpi2016,HS_13_cpi2016,HS_14_cpi2016,HS_TOTAL_cpi2016,HS_TOTAL.n,years.used,PD.old,SR.old,mpd.obs.old,mntd.obs.old,PD,SR,mpd.obs,mntd.obs,,PD.old2,SR.old2,mpd.obs.old2,mntd.obs.old2,pop_2016,pop_2017,pop_2018,pop_2019,pop_2020,pop.mean,gdp_2016,gdp_2017,gdp_2018,gdp_2019,gdp_2020,gdp.mean,gdp.n,gdp.years.used,gdp_2016_cpi2016,gdp_2017_cpi2016,gdp_2018_cpi2016,gdp_2019_cpi2016,gdp_2020_cpi2016,gdp.mean_cpi2016,wc2.1_10m_bio_1,wc2.1_10m_bio_12,pop.density2020.updated11
Afghanistan,Afghanistan,AF,AFG,4,ISO 3166-2:AF,no,Asia,Southern Asia,NA,142,34,NA,94,652860,NA,307230,304973,2257,1.135532453,-0.557650536,-1.469067362,0.620023892,0.88258819,0.143095972,-0.237830545,yes,2016,34636.21,35643.42,36686.78,37769.5,38972.23,649347.769,649242.623,649323.5398,649295.1693,649320.7264,53.34,54.9,56.5,58.17,60.02,36741.628,649305.9655,56.586,297537.0233,110289581.8,43956349.38,128926355.8,241278301.3,699061485.9,66453431.13,5992668.053,4489883.55,7575336182,283677.4956,106475667.7,41978535.09,124462753,233056038.8,677453508.1,63678169.15,5635574.539,4264681.13,7321749990,3,2017; 2018; 2019,NA,NA,NA,NA,NA,NA,NA,NA,,NA,NA,NA,NA,34656.033,36296.112,37171.921,38041.756,38928.341,37018.8326,19469021.18,18753469.63,18053228.58,18799450.74,20116137.33,19038261.49,5,gdp_2016; gdp_2017; gdp_2018; gdp_2019; gdp_2020,19469021.18,18362364.31,17255270.8,17648719.08,18654670.35,18278009.14,11.9,301,59.63
Armenia,Armenia,AM,ARM,51,ISO 3166-2:AM,no,Asia,Western Asia,NA,142,145,NA,NA,29740,NA,307230,307115,115,0.41165854,-1.562912068,0.282517465,-0.247628833,-0.079220572,0.023005592,0.290928477,yes,2003,2865.84,2851.92,2836.56,2820.6,2805.61,28464.83909,28465.11628,28465.2283,28465.03179,28463.12265,100.68,100.19,99.65,99.09,98.57000001,2836.106,28464.66762,99.636,6072008.372,12772210.17,51497121.84,28679076.89,80798544.58,12634344.32,11693498.27,6942188.966,65360.054,4287088301,5763336.46,12168896.31,49050826.28,27548372.11,77434185.19,12067068.95,11202596.68,6638131.615,62387.07892,4101675670,5,2016; 2017; 2018; 2019; 2020,1273.428389,21,184.4393974,94.09977543,1273.43 ,21 ,184.44 ,94.10 ,,1542.54,21,184.44,94.1,2924.816,2944.789,2951.741,2957.728,2963.234,2948.4616,10547331.07,11527458.57,12457941.91,13619291.36,12641209.8,12158646.54,5,gdp_2016; gdp_2017; gdp_2018; gdp_2019; gdp_2020,10547331.07,11287052.36,11907297.37,12785642.02,11722807.31,11650026.03,6.2,509.8,99.64
Azerbaijan,Azerbaijan,AZ,AZE,31,ISO 3166-2:AZ,no,Asia,Western Asia,NA,142,145,NA,NA,86600,NA,307230,306907,323,-0.080849019,-1.467887268,0.033014286,-0.967658561,0.063720806,0.255855218,0.194725883,no,NA,9976.25,10071.57,10152.52,10232.75,10284.95,82660.12097,82655.47805,82655.0517,82655.49273,82656.5137,120.69,121.85,122.83,123.8,124.43,10143.608,82656.53143,122.72,23033318.82,64899505.82,101129128.9,57883148.89,331180487.3,18553103.22,36049703.73,687759.972,975631.048,10616249775,22068917.3,62156538,96524274.65,55467662.23,317539607.7,17777523,34470585.35,656766.0087,932869.231,10155343203,5,2016; 2017; 2018; 2019; 2020,NA,NA,NA,NA,NA,1 ,NA,NA,,400.79,1,NA,NA,9762.274,9854.033,9939.771,10024.283,10093.121,9934.6964,37847715.84,40865558.91,47112941.18,48174235.29,42693000,43338690.24,5,gdp_2016; gdp_2017; gdp_2018; gdp_2019; gdp_2020,37847715.84,40013303.95,45030535.93,45225446.06,39591290.73,41541658.5,11.9,457,116.55
Bahrain,Bahrain,BH,BHR,48,ISO 3166-2:BH,yes,Asia,Western Asia,NA,142,145,NA,2,785,4,307230,307228,2,0.09644312,0.584557921,-1.020844519,-0.905916005,0.728538811,0.796625584,0.284497648,yes,1995,1409.66,1456.83,1487.34,1494.19,1477.47,783.0008943,782.9977749,783.0000948,782.9994393,783.0020192,1800.33,1860.58,1899.54,1908.29,1886.93,1465.098,783.0000445,1871.134,11250437.52,116918118.8,172704731.3,43876325.76,107726329,12997420.2,11450432.29,3813308.011,305802.9458,17356734350,10780787.88,112348912.7,165810065.7,42036292.86,103120723.3,12415842.81,10995130.61,3649094.91,293237.8841,16649936499,5,2016; 2017; 2018; 2019; 2020,NA,NA,NA,NA,NA,1 ,NA,NA,,400.79,1,NA,NA,1425.171,1494.077,1569.44,1641.164,1701.583,1566.287,31858509.82,35473776.6,37802005.32,38653318.09,34723357.45,35702193.45,5,gdp_2016; gdp_2017; gdp_2018; gdp_2019; gdp_2020,31858509.82,34733967.74,36131146.06,36287312.95,32200654.43,34242318.2,26.3,79.5,2167.62
Bangladesh,Bangladesh,BD,BGD,50,ISO 3166-2:BD,no,Asia,Southern Asia,NA,142,34,NA,13,147570,2,307230,306772,458,-1.91591622,1.442680327,1.607212514,-0.455585217,1.082694328,-0.786893361,-0.492790189,yes,1995,159784.57,161793.96,163683.96,165516.22,167420.95,130169.6687,130170.3703,130170.3116,130169.8885,130170.1564,1227.51,1242.94,1257.46,1271.54,1286.17,163639.932,130170.0791,1257.124,NA,NA,NA,NA,NA,NA,NA,NA,NA,NA,NA,NA,NA,NA,NA,NA,NA,NA,NA,NA,NA,NA,NA,NA,NA,NA,1919.76 ,29 ,227.63 ,91.21 ,,2184.79,29,227.63,91.21,162951.553,159685.425,161376.709,163046.173,164689.377,162349.8474,221415276.5,293754646.2,321379023.6,351238438.5,373902134.7,312337903.9,5,gdp_2016; gdp_2017; gdp_2018; gdp_2019; gdp_2020,221415276.5,287628366.2,307173980.4,329738810.8,346737594.4,298538805.7,25.4,2312.5,1116.01
Bhutan,Bhutan,BT,BTN,64,ISO 3166-2:BT,no,Asia,Southern Asia,NA,142,34,NA,2,38390,NA,307230,307104,126,-0.994322067,0.357051866,1.496405588,0.395416381,1.293391897,-0.606561276,0.042012652,no,NA,749.76,756.12,762.1,767.46,772.51,38390.16897,38401.21889,38392.9471,38392.1961,38395.12922,19.53,19.69,19.85,19.99,20.12,761.59,38394.33206,19.836,NA,NA,NA,NA,NA,NA,NA,NA,NA,NA,NA,NA,NA,NA,NA,NA,NA,NA,NA,NA,NA,NA,NA,NA,NA,NA,982.21 ,12 ,225.44 ,119.44 ,,1247.24,12,225.44,119.44,797.765,745.563,754.396,763.094,771.612,766.486,2236933.12,2450364.928,2446866.405,2535657.069,2315436.303,2397051.565,5,gdp_2016; gdp_2017; gdp_2018; gdp_2019; gdp_2020,2236933.12,2399262.344,2338714.222,2380447.169,2147216.448,2300514.661,10.6,1399.4,20.1
Brunei Darussalam,Brunei Darussalam,BN,BRN,96,ISO 3166-2:BN,yes,Asia,South-eastern Asia,NA,142,35,NA,2,5770,5,307230,307212,18,-5.923571719,-0.769875546,-0.610431456,1.323922171,-0.717865401,0.047223583,-0.18199655,yes,1995,425.99,430.28,434.27,438.05,441.73,5765.191501,5764.737406,5764.901102,5765.332982,5765.204907,73.89,74.64,75.33,75.98,76.62,434.064,5765.07358,75.292,2063583.379,29158639.94,42116450.92,7583223.297,35663966.64,12978226.16,2301344.933,243309.7974,27824.2152,4074453426,1985995.419,27950515.32,40319197.64,7259114.686,34100325.47,12444772.9,2199572.232,233333.7244,26617.12411,3884681337,5,2016; 2017; 2018; 2019; 2020,501.646417,5,235.0954872,131.784726,501.65 ,5 ,235.10 ,131.78 ,,766.68,5,235.1,131.78,423.196,424.481,428.96,433.296,437.483,429.4832,11400266.75,12128104.86,13567351.18,13469422.96,12005825.77,12514194.3,5,gdp_2016; gdp_2017; gdp_2018; gdp_2019; gdp_2020,11400266.75,11875172.12,12967670.44,12644947.2,11133584.86,12004328.27,26.7,3434.6,75.82
Cambodia,Cambodia,KH,KHM,116,ISO 3166-2:KH,no,Asia,South-eastern Asia,NA,142,35,NA,9,181040,2,307230,306688,542,-1.956954973,0.902861668,0.05913941,-0.733313466,0.317347971,0.033714552,0.936383874,yes,2004,15624.58,15830.69,16025.24,16207.75,16396.86,181028.6178,181025.6146,181035.2463,181031.4978,181040.742,86.30999999,87.45000002,88.51999999,89.53000001,90.56999998,16017.024,181032.3437,88.476,1673799.864,5284180.104,9407161.882,4957076.53,42608317.4,72170525.94,2737883.25,2525951.282,64385.828,16707320395,1574726.813,5088874.48,9014258.184,4734398.212,40364258.26,68951483.33,2607793.828,2421837.2,61183.39621,15967146505,5,2016; 2017; 2018; 2019; 2020,1961.119147,22,244.7920857,145.2436509,1961.12 ,22 ,244.79 ,145.24 ,,2226.15,22,244.79,145.24,15762.37,16009.413,16249.796,16486.542,16718.971,16245.4184,20016748.54,22177200.51,24571753.58,27089389.79,25872798.01,23945578.09,5,gdp_2016; gdp_2017; gdp_2018; gdp_2019; gdp_2020,20016748.54,21714692.97,23485675.17,25431223.33,23993101.16,22928288.24,26.8,1791.1,92.35
China,China,CN,CHN,156,ISO 3166-2:CN,no,Asia,Eastern Asia,NA,142,30,NA,218,9600012.9,68,307230,272628,34602,0.60890406,0.07817223,0.826043386,0.244131299,-0.082847062,-0.007745014,0.014197628,yes,2001,1433546.77,1442041.11,1448928.21,1453801.54,1456928.48,9636552.622,9636785.506,9636632.365,9636595.103,9636553.127,148.76137,149.6392245,150.3562816,150.8625738,151.1877184,1447049.222,9636623.745,150.1614337,262738488.4,1888212051,8940988970,792460133.2,6445455897,1160696885,42250427328,313456592,158849181,1.94E+12,333442033.3,2886837087,13538683329,1371209505,7770847576,1572796112,42349427101,406077597.1,182430477.2,2.69E+12,5,2016; 2017; 2018; 2019; 2020,7960.632611,240,235.350416,39.78117299,7960.63 ,240 ,235.35 ,39.78 ,,7970.72,240,235.35,39.78,1410139.851,1427786.266,1434424.323,1439489.368,1442791.554,1430926.272,12107861920,13292903602,14920018981,15309066748,15727465404,14271463331,5,gdp_2016; gdp_2017; gdp_2018; gdp_2019; gdp_2020,12107861920,13015678883,14260549947,14371984698,14584841899,13668183470,6.5,574,150.29
Cyprus,Cyprus,CY,CYP,196,ISO 3166-2:CY,yes,Asia,Western Asia,NA,142,145,NA,7,9250,6,307230,307211,19,-0.170931481,-0.510826739,-1.212651083,0.268378049,0.618150253,1.011482127,-0.001104151,yes,1995,1197.88,1208.52,1218.83,1228.84,1237.54,9240.049367,9240.155975,9239.860511,9240.09324,9240.200105,129.64,130.79,131.91,132.99,133.93,1218.322,9240.07184,131.852,10916459.38,38374243.09,59994434.18,27089119.26,115815828.3,11282676.88,13606751.51,2123881.51,138464.8186,9180092783,10467110.84,36746421.22,57439002.76,25909035.87,111112372.1,10799441.17,13080800.68,2034564.601,134422.0882,8806501413,5,2016; 2017; 2018; 2019; 2020,2502.088177,23,277.984307,161.6442314,2502.09 ,23 ,277.98 ,161.64 ,,2577.83,23,277.98,161.64,1170.125,1179.685,1189.262,1198.574,1207.361,1189.0014,19801663.49,22870833.71,25522671.23,25758357.78,24692095.95,23729124.43,5,gdp_2016; gdp_2017; gdp_2018; gdp_2019; gdp_2020,19801663.49,22393860.38,24394561.99,24181665.02,22898178.84,22733985.94,17.3,531.8,130.53
Georgia,Georgia,GE,GEO,268,ISO 3166-2:GE,no,Asia,Western Asia,NA,142,145,NA,2,69700,4,307230,306957,273,-0.674240031,-2.06256166,0.566746325,-0.175072529,-0.055824642,0.13210208,-0.034989032,yes,2000,3771.11,3771.9,3772.33,3770.81,3765.91,69487.93072,69489.68312,69484.80383,69495.20826,69494.55619,54.27,54.28,54.29,54.26,54.19,3770.412,69490.43642,54.258,15583439.17,41150798.39,60217715.97,27693239.25,132007295.2,18295981.4,14869572.16,854587.642,112532.828,8466694274,14896724.45,39566065.38,57632151.31,26543190.24,126432689.5,17567108.68,14270565.94,817453.8376,107047.8714,8116769032,5,2016; 2017; 2018; 2019; 2020,1093.576661,17,228.7667731,63.70543665,1093.58 ,17 ,228.77 ,63.71 ,,1358.61,17,228.77,63.71,3719.3,3728.004,3726.549,3720.161,3722.716,3723.346,14332879.87,16242916.92,17596922.47,17470436.26,15842922.53,16297215.61,5,gdp_2016; gdp_2017; gdp_2018; gdp_2019; gdp_2020,14332879.87,15904169.4,16819133.55,16401054.79,14691910.9,15629829.7,8.2,1086.8,53.41
Hong Kong,Hong Kong,HK,HKG,344,ISO 3166-2:HK,yes,Asia,Eastern Asia,NA,142,30,NA,4,1110,1,NA,NA,NA,NA,NA,NA,NA,NA,NA,NA,yes,1995,7435.93,7461.52,7481.56,7496.12,7500.96,1098.99957,1099.000349,1099.001116,1098.999246,1098.999892,6766.089999,6789.37,6807.600002,6820.860003,6825.259997,7475.218,1099.000035,6801.836,53546480.06,777962214.5,4290571230,327096934.6,290891846.2,206431683.4,396546376.3,54951353.41,8941100.79,5.83E+11,51531079.44,744378375.7,4119766066,313846143.1,278770485.8,198636370.7,382386222.1,52601193.72,8584439.633,5.60E+11,5,2016; 2017; 2018; 2019; 2020,NA,NA,NA,NA,NA,NA,NA,NA,,NA,NA,NA,NA,7346.7,7393.2,7452.6,7507.9,7481,7436.28,320912228.4,341273289.5,361731071,363052489.2,344881400.5,346370095.7,5,gdp_2016; gdp_2017; gdp_2018; gdp_2019; gdp_2020,320912228.4,334156003.9,345742456,340829712.6,319825259.3,332293132,NA,NA,6739.64
India,India,IN,IND,356,ISO 3166-2:IN,no,Asia,Southern Asia,NA,142,34,NA,186,3287260,56,307230,297803,9427,-0.397789511,1.774947374,-0.239217044,-0.17727717,0.221185406,0.283724835,0.039754189,yes,1995,1338636.34,1354195.68,1369003.31,1383112.05,1396387.13,2973161.736,2973183.042,2973185.601,2973155.739,2973187.263,450.24,455.47,460.45,465.2000001,469.66,1368266.902,2973174.676,460.204,23102354.15,2465409450,3254495538,764219030,425665273.8,69292221.41,546491836.6,248981924.1,56409796.68,4.31E+11,22141816.89,2395675159,3122775436,733880993.9,416207830.5,66468687.07,520021387.9,238629893,53544253.7,4.13E+11,5,2016; 2017; 2018; 2019; 2020,10049.36432,255,234.6573069,53.39590674,10049.36 ,255 ,234.66 ,53.40 ,,10059.45,255,234.66,53.4,1324171.387,1338676.758,1352642.334,1366417.725,1380004.395,1352382.52,2263522476,2651472946,2702929719,2831552223,2667687952,2623433063,5,gdp_2016; gdp_2017; gdp_2018; gdp_2019; gdp_2020,2263522476,2596176236,2583459465,2658230308,2473876496,2515052996,25.1,1148.5,419.8
Indonesia,Indonesia,ID,IDN,360,ISO 3166-2:ID,yes,Asia,South-eastern Asia,NA,142,35,NA,220,1916906.77,123,307230,301711,5519,-4.901644464,-0.458241677,-0.674380179,1.029155891,-0.561837243,-0.204934743,0.265001926,yes,1995,261850.18,264498.85,267066.84,269582.88,271857.97,1910896.738,1910980.782,1910896.108,1910986.602,1910859.422,137.03,138.41,139.76,141.07,142.27,266971.344,1910923.93,139.708,6990041.4,774294236.4,1221623800,274060018.6,3234645737,366250843.8,1426491492,79564944.4,1630947.8,1.59E+11,6670851.858,742617196.7,1168397831,262932532.6,3105348104,351829354.8,1367943329,76254876.44,1561120.724,1.52E+11,5,2016; 2017; 2018; 2019; 2020,9057.321309,171,271.3315629,73.3876172,9057.32 ,171 ,271.33 ,73.39 ,,9067.41,171,271.33,73.39,261115.448,264650.97,267670.563,270625.58,273523.621,267517.2364,932259168.3,1015618743,1042271531,1119099868,1058688935,1033587649,5,gdp_2016; gdp_2017; gdp_2018; gdp_2019; gdp_2020,932259168.3,994437920.9,996202836.3,1050598737,981773626.4,991054457.7,25.2,2733.8,142.69
Iran (Islamic Republic of),Iran (Islamic Republic of),IR,IRN,364,ISO 3166-2:IR,no,Asia,Southern Asia,NA,142,34,NA,256,1745150,18,307230,301615,5615,0.657912937,-0.367486583,-1.391619412,-0.014229292,0.589841237,0.118117227,-0.149330055,no,NA,83306.23,84505.08,85617.56,86564.2,87290.19,1628665.298,1628856.592,1628639.148,1628677.328,1628852.211,51.15,51.88,52.56999999,53.15000001,53.59000001,85456.652,1628738.115,52.468,6797539.707,285714663.2,519995605.5,365133529.2,3515156480,5713676.333,1459713810,25824265.9,6535493.713,45183521075,6657481.117,279574724.3,509887811.3,356911274.4,3427378518,5588564.957,1427218281,25242688.24,6384869.117,44217178078,3,2016; 2017; 2018,2809.455183,31,297.8227779,127.2445253,2809.46 ,31 ,297.82 ,127.24 ,,2819.54,31,297.82,127.24,80277.428,80673.889,81800.201,82913.895,83992.95,81931.6726,NA,486630146.4,330991589.9,291362916.3,231547571.2,335133056,4,gdp_2017; gdp_2018; gdp_2019; gdp_2020,NA,476481430.3,316361668.6,273528324.4,214725299.5,320274180.7,17.4,234.7,48.13
Iraq,Iraq,IQ,IRQ,368,ISO 3166-2:IQ,no,Asia,Western Asia,NA,142,145,NA,3,435052,6,307230,305709,1521,0.708738644,0.023038759,-1.788404707,-0.0603243,0.533506555,0.01112129,-0.432465934,no,NA,38697.94,39621.16,40590.7,41563.52,42556.98,434125.4207,434109.3459,434125.1337,434129.0996,434122.0035,89.14,91.27,93.5,95.74000001,98.02999999,40606.06,434122.2007,93.536,NA,NA,NA,NA,NA,NA,NA,NA,NA,NA,NA,NA,NA,NA,NA,NA,NA,NA,NA,NA,NA,NA,NA,NA,NA,NA,1177.32 ,6 ,417.05 ,266.44 ,,1187.41,6,417.05,266.44,37202.572,37552.788,38433.605,39309.788,40222.504,38544.2514,171489001.5,187217660.1,227367469,233636097.8,184369797.3,200816005.1,5,gdp_2016; gdp_2017; gdp_2018; gdp_2019; gdp_2020,171489001.5,183313218.6,217317763,219335017.5,170975060.2,192486012.2,22.1,212.8,92.45
Israel,Israel,IL,ISR,376,ISO 3166-2:IL,no,Asia,Western Asia,NA,142,145,NA,28,22070,5,307230,307154,76,0.008847929,0.056672377,-1.195710745,0.146432814,0.706320377,0.93001424,0.273100601,yes,1995,8159.01,8309.26,8456.48,8607.92,8757.49,21643.08451,21643.20692,21642.77122,21643.16605,21643.2049,376.9800001,383.92,390.7300001,397.7199999,404.6300001,8458.032,21643.08672,390.796,18464600,154334000,319469200,165536600,875783000,69269000,376783200,26652600,4803800,71468406800,17660573.31,147805559.9,305817052.5,158640281.4,839392455.6,66294199.02,361092480.5,25532756.89,4583660.912,68559247866,5,2016; 2017; 2018; 2019; 2020,2761.914714,61,226.3438784,57.60713295,2761.91 ,61 ,226.34 ,57.61 ,,3026.94,61,226.34,57.61,8547.1,8713.3,8882.8,9054,9215.1,8882.46,318743674.9,355277223.5,373641241.4,397934597,407100736.6,370539494.7,5,gdp_2016; gdp_2017; gdp_2018; gdp_2019; gdp_2020,318743674.9,347867884.5,357126193.5,373576654.4,377524269,354967735.3,19.5,305.6,417.54
Japan,Japan,JP,JPN,392,ISO 3166-2:JP,yes,Asia,Eastern Asia,NA,142,30,NA,121,377974,163,307230,305868,1362,-1.31973742,-1.242303413,1.621219952,-0.575964837,0.071973648,0.259969285,-0.566455832,yes,1995,126993.86,126662.47,126255.87,125791.68,125244.76,376825.1981,376825.8412,376826.9512,376824.8757,376823.2993,337.01,336.13,335.05,333.82,332.37,126189.728,376825.2331,334.876,586012362,2466453270,3347718519,1808757363,5703385414,504578452.6,4651896243,352169754.6,149588627.5,6.77E+11,562798985.7,2369319922,3210535750,1739517864,5470483028,484467321.2,4465430990,337767546.2,142546403.1,6.49E+11,5,2016; 2017; 2018; 2019; 2020,10231.10456,231,250.081036,56.42316468,10231.10 ,231 ,250.08 ,56.42 ,,10231.1,231,250.08,56.42,126994.514,126972,126810.997,126633.003,126261.002,126734.3032,4939383833,4930837369,5037835383,5123318152,5040107754,5014296498,5,gdp_2016; gdp_2017; gdp_2018; gdp_2019; gdp_2020,4939383833,4828004305,4815161643,4809715138,4673936509,4813240285,10.6,1627,334.05
Jordan,Jordan,JO,JOR,400,ISO 3166-2:JO,no,Asia,Western Asia,NA,142,145,NA,7,89318,1,307230,306924,306,0.607318834,-0.248173907,-1.479885459,-0.071898725,0.555657922,-0.06529844,0.109149035,yes,2000,9964.66,10215.38,10459.87,10698.68,10928.72,88795.75833,88790.78661,88793.4635,88793.09486,88793.63016,112.22,115.05,117.8,120.49,123.08,10453.462,88793.34669,117.728,11283202.31,92633479.22,308919355.9,181138696.6,784222327.2,22004906.55,134694426.6,3101390.983,266754.4574,19253572170,10880324.71,89401817.71,296584055.9,173364209.6,754453233.7,21145068.92,128955106,2973215.307,254730.7087,18505073595,5,2016; 2017; 2018; 2019; 2020,874.630727,10,224.1006114,126.3622858,874.63 ,10 ,224.10 ,126.36 ,,1151.68,10,224.1,126.36,9455.802,9785.84,9965.322,10101.697,10203.14,9902.3602,38654726.14,41408960.85,42932112.68,44502895.92,43697659.3,42239270.98,5,gdp_2016; gdp_2017; gdp_2018; gdp_2019; gdp_2020,38654726.14,40545373.18,41034501.23,41778832.74,40522960.05,40507278.67,18.7,106.2,114.23
Kazakhstan,Kazakhstan,KZ,KAZ,398,ISO 3166-2:KZ,no,Asia,Central Asia,NA,142,143,NA,1,2724900,NA,307230,295331,11899,0.631076469,-1.586045407,0.116782227,-0.675347629,-0.466561903,-0.187987423,-0.102929181,yes,2015,18078.55,18314.81,18538.1,18754.26,18979.24,2698291.045,2701299.41,2698413.392,2698454.676,2699749.644,6.699999999,6.78,6.869999999,6.950000001,7.030000001,18532.992,2699241.633,6.866,60879594.98,156721407,439218418.8,130696478.1,50882514.15,25201558.98,71982932.12,7993789.288,617601.188,33351755851,58472641.78,150236865.4,421842266.5,125488209,47863250.12,24119471.98,68653967.6,7653104.16,595581.8919,31881739179,5,2016; 2017; 2018; 2019; 2020,NA,NA,NA,NA,NA,1 ,NA,NA,,400.79,1,NA,NA,17797.031,18037.777,18276.451,18513.674,18755.667,18276.12,133657083.9,166805800.6,179339994.9,181667190.1,171082379.5,166510489.8,5,gdp_2016; gdp_2017; gdp_2018; gdp_2019; gdp_2020,133657083.9,163327050.4,171413116.7,170547174.4,158652992.9,159519483.6,5.9,246.2,6.88
Korea (Democratic People's Republic of),Korea (Democratic People's Republic of),KP,PRK,408,ISO 3166-2:KP,no,Asia,Eastern Asia,NA,142,30,NA,NA,120540,10,307230,306764,466,0.19994763,0.296380351,1.751486585,0.31001735,0.358229543,-0.051579638,-0.360346954,NA,NA,25389.61,25516.32,25638.15,25755.44,25867.47,120409.798,120411.1179,120412.1266,120408.7892,120409.0211,210.8599999,211.91,212.92,213.8999999,214.83,25633.398,120410.1706,212.884,NA,NA,NA,NA,NA,NA,NA,NA,NA,NA,NA,NA,NA,NA,NA,NA,NA,NA,NA,NA,NA,NA,NA,NA,NA,NA,1464.87 ,23 ,227.40 ,77.68 ,,1729.9,23,227.4,77.68,25368.62,25429.815,25549.606,25666.159,25778.814,25558.6028,NA,NA,NA,NA,NA,NA,NA,NA,NA,NA,NA,NA,NA,NA,6.1,959.4,213.86
"Korea, Republic of","Korea, Republic of",KR,KOR,410,ISO 3166-2:KR,no,Asia,Eastern Asia,NA,142,30,NA,53,100410,16,307230,306868,362,-0.64982307,0.18263246,1.830444396,-0.161868417,0.323307731,-0.137801235,-0.552183264,yes,1995,51309.98,51511.64,51676.9,51803.83,51844.69,98943.22959,98942.8758,98942.92443,98943.46506,98942.1363,518.58,520.62,522.29,523.57,523.99,51629.408,98942.92624,521.81,116762362.2,689253208.6,1731418624,743583705.4,3442088526,287290933.4,1527558694,239084056.4,86760547.6,4.78E+11,111891469,662146285.3,1661872056,712731405.1,3298882766,276212021.9,1466350972,228550566.6,83222529.55,4.58E+11,5,2016; 2017; 2018; 2019; 2020,1006.409722,5,405.5424976,316.0803546,1006.41 ,5 ,405.54 ,316.08 ,,1082.15,5,405.54,316.08,51245.708,51361.912,51585.056,51764.82,51836.239,51558.747,1411245539,1623901497,1724845616,1651422932,1637895803,1609862277,5,gdp_2016; gdp_2017; gdp_2018; gdp_2019; gdp_2020,1411245539,1590034883,1648606954,1550337817,1518900262,1543825091,11.3,1288.5,516.25
Kuwait,Kuwait,KW,KWT,414,ISO 3166-2:KW,no,Asia,Western Asia,NA,142,145,NA,1,17820,6,307230,307172,58,0.750192641,0.543690272,-1.972508297,-0.214548829,0.233742716,-0.341877528,-0.499100239,yes,1995,4048.09,4124.9,4317.19,4441.1,4360.44,17818.08178,17818.14255,17818.27562,17817.85356,17818.0778,227.19,231.5,242.29,249.25,244.72,4258.344,17818.08626,238.99,31183803.91,350470614.3,498611231.5,167751876.1,585125034.6,22079087.51,74298389.76,7341720.937,1860882.188,32424771837,29834891.61,335947633.9,478114683.1,160349135,560459016.4,21173772.65,71118642.31,7062643.624,1773090.863,31145227909,5,2016; 2017; 2018; 2019; 2020,NA,NA,NA,NA,NA,NA,NA,NA,,NA,NA,NA,NA,4052.584,4056.102,4137.314,4207.077,4270.563,4144.728,NA,120707435.5,138182400.5,136196760.2,105960225.7,125261705.5,4,gdp_2017; gdp_2018; gdp_2019; gdp_2020,NA,118190070.9,132074699.5,127860031.3,98262059.37,119096715.3,25.4,117.5,239.65
Kyrgyzstan,Kyrgyzstan,KG,KGZ,417,ISO 3166-2:KG,no,Asia,Central Asia,NA,142,143,NA,NA,199950,NA,307230,306461,769,0.945897942,-1.461125411,0.013296617,0.352710707,0.022904885,-0.296864821,0.132319024,yes,1998,6018.3,6121.26,6223.49,6323.64,6424.87,191787.7629,191768.797,191787.057,191799.818,191787.1642,31.38,31.92,32.45,32.97,33.5,6222.312,191786.1198,32.444,3705016.8,20442794.8,56538340,13268632.4,37605390.6,21831507.4,4806599.2,175579.6,85785.2,4399865881,3526863.095,19396441.21,53939229.56,12715002.64,36108443.67,20846014.47,4589888.504,168819.6339,81209.10977,4224083262,5,2016; 2017; 2018; 2019; 2020,2572.221867,52,224.6244203,58.95493792,2572.22 ,52 ,224.62 ,58.95 ,,2837.25,52,224.62,58.95,6082.7,6198.2,6322.8,6456.2,6579.9,6327.96,6551287.808,7702934.8,8271108.638,8871026.074,7780874.537,7835446.371,5,gdp_2016; gdp_2017; gdp_2018; gdp_2019; gdp_2020,6551287.808,7542289.391,7905523.311,8328022.413,7215582.552,7508541.095,0.6,419.5,32.91
Lao People's Democratic Republic,Lao People's Democratic Republic,LA,LAO,418,ISO 3166-2:LA,no,Asia,South-eastern Asia,NA,142,35,NA,17,236800,NA,307230,306526,704,-1.764667187,1.244252556,0.964996656,-0.216285,0.965595782,-0.565504914,0.217805933,yes,2013,6891.36,6997.92,7105.01,7212.05,7319.4,230789.0154,230802.1108,230832.0338,230785.6,230823.0842,29.86,30.32,30.78,31.25,31.71,7105.148,230806.3688,30.784,4524032.038,18735160.31,35180350.06,2388366.062,45956476.42,21126540.05,2366789.964,134891.272,7721.5,5185178924,4351924.758,17738951.57,33500583.18,2254405.348,44542319.47,20182621.19,2257801.282,132211.325,7525.768347,4968137725,5,2016; 2017; 2018; 2019; 2020,801.67386,12,229.1474267,43.43563942,801.67 ,12 ,229.15 ,43.44 ,,1066.7,12,229.15,43.44,6758.353,6953.031,7061.498,7169.456,7275.556,7043.5788,15903437.82,17071162.08,18141651.38,18740559.55,18981800.71,17767722.31,5,gdp_2016; gdp_2017; gdp_2018; gdp_2019; gdp_2020,15903437.82,16715141.44,17339785.29,17593432.68,17602744.95,17030908.44,23,1856.7,30.72
Lebanon,Lebanon,LB,LBN,422,ISO 3166-2:LB,no,Asia,Western Asia,NA,142,145,NA,2,10450,4,307230,307195,35,-0.382393487,-0.712949525,-1.394616876,0.994046771,0.576656763,1.509948028,-0.322121898,no,NA,6258.62,6109.25,5950.84,5781.91,5662.92,10230.01357,10229.9938,10229.90837,10230.02884,10230.00217,611.7899998,597.1900003,581.7100002,565.19,553.5599999,5952.708,10229.98935,581.888,18806415.86,125175258.9,159162976.8,107544783,320202814.5,34175618.74,141620391.5,1576099.016,566769.0628,17773246272,18162873.78,120617223.2,153634946.4,103435965.1,307027867.4,32824382.7,135447802,1524286.475,539587.1522,17114383381,5,2016; 2017; 2018; 2019; 2020,499.508425,4,253.0002422,234.0042097,499.51 ,4 ,253.00 ,234.00 ,,764.54,4,253,234,6006.668,6819.373,6859.408,6855.709,6825.442,6673.32,47536799.74,53027680.69,54901519.16,51605959.13,25948915.86,46604174.92,5,gdp_2016; gdp_2017; gdp_2018; gdp_2019; gdp_2020,47536799.74,51921783.56,52474856.57,48447110.93,24063688.94,44888847.95,15.1,811.5,653.15
Macao,Macao,MO,MAC,446,ISO 3166-2:MO,yes,Asia,Eastern Asia,NA,142,30,NA,1,32.9,1,NA,NA,NA,NA,NA,NA,NA,NA,NA,NA,yes,1995,626.69,638.61,650.99,663.65,676.28,32.00006944,32.00005211,31.99994888,31.99988042,31.99986373,19584.02,19956.53,20343.47,20739.14,21133.84,651.244,31.99996292,20351.4,7056585.61,54907799.96,64913173.8,16792926.6,28590067.48,13239837.27,25646960.56,1281793.371,1121309.391,10712071536,6741925.337,52599970.2,61990768.87,16059191.44,27323439.33,12707059.12,24546088.78,1234983.846,1075736.597,10252843457,5,2016; 2017; 2018; 2019; 2020,NA,NA,NA,NA,NA,NA,NA,NA,,NA,NA,NA,NA,612.167,622.578,631.633,640.446,649.342,631.2332,44802641.92,50440941.94,55284360.48,55204758.07,25586111.08,46263762.7,5,gdp_2016; gdp_2017; gdp_2018; gdp_2019; gdp_2020,44802641.92,49388991.49,52840776.21,51825624.08,23727242.46,44517055.23,NA,NA,19736.84
Malaysia,Malaysia,MY,MYS,458,ISO 3166-2:MY,no,Asia,South-eastern Asia,NA,142,35,NA,69,330241,35,307230,306262,968,-5.211994664,-0.632072371,-0.799154936,1.198934257,-0.709151759,0.043469347,0.118294873,yes,1995,31526.42,31975.81,32399.27,32804.02,33199.99,328537.0988,328563.6046,328559.6795,328532.9995,328550.1237,95.96,97.32,98.61000001,99.85,101.05,32381.102,328548.7012,98.558,13016480.99,909311787,753670319.3,577151183.5,1587197817,436405225.5,561713329.8,59261671.59,4762336.482,1.95E+11,12452738.76,874334221.8,722669542.8,552571753,1520831798,418073454.5,539968018.6,56787372.72,4548247.941,1.87E+11,5,2016; 2017; 2018; 2019; 2020,2247.456311,20,294.0153322,167.9455376,2247.46 ,20 ,294.02 ,167.95 ,,2257.54,20,294.02,167.95,31187.265,31104.654,31528.032,31949.789,32365.997,31627.1474,296359133.2,319112136.5,358791513.2,365276379.5,337006023.8,335309037.2,5,gdp_2016; gdp_2017; gdp_2018; gdp_2019; gdp_2020,296359133.2,312457023.8,342932827.5,342917476.5,312522040.2,321437700.2,25.5,2877.6,98.01
Maldives,Maldives,MV,MDV,462,ISO 3166-2:MV,yes,Asia,Southern Asia,NA,142,34,NA,4,300,1,307230,307228,2,-4.579402208,-0.600514352,-0.093119737,-0.500318356,-0.29100623,0.842836052,0.923285425,yes,1995,454.25,472.44,489.76,504.51,514.44,299.9973583,299.998095,300.0006125,300.0017839,300.0017495,1514.18,1574.81,1632.53,1681.69,1714.79,487.08,299.9999198,1623.6,3272379.796,53218325.8,54799201.3,15915005.56,24230440.58,12111986.49,2129244.916,305402.456,726965.4375,2583908166,3147013.053,51403555.95,52918661.88,15356529.95,23448756.28,11706007.75,2055799.186,296530.3957,698230.4139,2494706706,4,2016; 2017; 2018; 2019,2067.128778,23,242.9768914,141.4207437,2067.13 ,23 ,242.98 ,141.42 ,,2332,23,242.98,141.42,417.492,496.398,515.704,530.957,540.542,500.2186,3591112.704,4754175.869,5300962.66,5607762.625,3742769.967,4599356.765,5,gdp_2016; gdp_2017; gdp_2018; gdp_2019; gdp_2020,3591112.704,4655027.097,5066658.62,5264506.319,3470852.221,4409631.392,28.1,2107,1801.81
Mongolia,Mongolia,MN,MNG,496,ISO 3166-2:MN,no,Asia,Eastern Asia,NA,142,30,NA,1,1564115.749,NA,307230,300582,6648,1.620763887,0.315841767,0.878166065,0.698570811,-0.371353664,0.292583893,0.099792558,yes,1997,3029.56,3096.03,3163.99,3232.43,3294.34,1553620.513,1555793.97,1558615.764,1554052.885,1553933.962,1.95,1.99,2.029999999,2.079999999,2.12,3163.27,1555203.419,2.034,NA,NA,NA,NA,NA,NA,NA,NA,NA,NA,NA,NA,NA,NA,NA,NA,NA,NA,NA,NA,NA,NA,NA,NA,NA,NA,NA,NA,NA,NA,,NA,NA,NA,NA,3027.398,3113.788,3170.214,3225.166,3278.292,3162.9716,11160356.86,11480847.75,13178094.46,14206359.01,13312981.6,12667727.93,5,gdp_2016; gdp_2017; gdp_2018; gdp_2019; gdp_2020,11160356.86,11241413.62,12595618.98,13336774.71,12345773.89,12135987.61,0.1,199.3,2.1
Myanmar,Myanmar,MM,MMR,104,ISO 3166-2:MM,no,Asia,South-eastern Asia,NA,142,35,NA,73,676590,6,307230,305133,2097,-1.368957765,1.160706903,0.683537071,-0.259741864,0.704025105,-0.507941608,-0.0428724,yes,1995,51892.35,52288.34,52666.01,53040.21,53423.2,653309.2031,653277.6112,653262.3419,653285.0105,653255.0746,79.43,80.04,80.61999999,81.19,81.78,52662.022,653277.8483,80.612,2097562.438,23225904.28,53658134.65,17172145.02,111880492,85811388.65,22640926.52,2458981.908,121611.6352,18175635256,2014945.508,22861046.86,51542455.46,16341105.83,105831983.5,83424803.47,21666225.75,2335257.212,120275.7126,17435376188,5,2016; 2017; 2018; 2019; 2020,2698.105934,43,237.8629938,86.57537093,2698.11 ,43 ,237.86 ,86.58 ,,2963.14,43,237.86,86.58,52885.223,53382.523,53708.317,54045.422,54409.794,53686.2558,67429588.99,61449392.06,67144725.83,68697759.36,78930257.23,68730344.69,5,gdp_2016; gdp_2017; gdp_2018; gdp_2019; gdp_2020,67429588.99,60167859.37,64176910.07,64492706.36,73195857.89,65892584.54,23.2,2033.9,80.42
Nepal,Nepal,NP,NPL,524,ISO 3166-2:NP,no,Asia,Southern Asia,NA,142,34,NA,43,147180,NA,307230,306742,488,-0.904841503,0.729717009,0.971541483,0.431522889,0.938332147,-0.550772551,-0.190852824,yes,2004,27861.19,28183.43,28506.71,28832.5,29348.63,147180.0845,147179.6438,147176.9838,147179.6835,147177.3231,189.3,191.4900001,193.6900001,195.9,199.41,28546.492,147178.7437,193.958,1453068.375,240862136.3,142681788,88816730.71,463228117.6,12544640.77,131849800.2,2155568.552,1744542.522,10768995770,1381083.034,230211002.4,136430499.6,84892930.32,443285891,12024770.37,126106016.4,2060517.078,1661071.092,10320970631,5,2016; 2017; 2018; 2019; 2020,2029.132919,35,216.802753,77.93185577,2029.13 ,35 ,216.80 ,77.93 ,,2294.16,35,216.8,77.93,28982.771,27632.683,28095.713,28608.715,29136.808,28491.338,21143873.54,28971589.21,33111525.87,34186191,33433670.51,30169370.03,5,gdp_2016; gdp_2017; gdp_2018; gdp_2019; gdp_2020,21143873.54,28367384.07,31647987.12,32093622.82,31004665.15,28851506.54,14.1,1350.8,197.97
Oman,Oman,OM,OMN,512,ISO 3166-2:OM,no,Asia,Western Asia,NA,142,145,NA,23,309500,7,307230,306261,969,-0.228805834,0.743739911,-1.346092137,-0.782550476,-0.432603626,-0.27039575,0.216097591,yes,2000,4398.07,4541.85,4601.16,4602.77,4543.4,309505.278,309390.327,309425.6893,309533.961,309495.9128,14.21,14.68,14.87,14.87,14.68,4537.45,309470.2336,14.662,8161352.321,172274310.2,257951530.1,92374894.81,509872309.1,34941601.54,38240408.13,6731995.493,706076.0093,25399145724,7810648.889,165040256.3,245886707.6,88314625.78,486797121.4,33602443.77,36037674.15,6459612.62,671469.153,24383826561,4,2016; 2017; 2019; 2020,823.387965,8,237.2785003,161.3858455,823.39 ,8 ,237.28 ,161.39 ,,1088.42,8,237.28,161.39,4424.762,4665.926,4829.476,4974.992,5106.622,4800.3556,66293366.78,80856697.01,91505851.76,88060858.26,73971391.42,80137633.04,5,gdp_2016; gdp_2017; gdp_2018; gdp_2019; gdp_2020,66293366.78,79170423.2,87461267.38,82670572.17,68597260.98,76838578.1,27.3,119,16.5
Pakistan,Pakistan,PK,PAK,586,ISO 3166-2:PK,no,Asia,Southern Asia,NA,142,34,NA,71,796100,3,307230,304572,2658,0.381716927,1.147613663,-0.893963172,-0.218481512,-0.48127578,-0.247873516,-0.269797272,yes,1995,213524.84,216379.66,219731.48,223293.28,227196.74,770875.6273,770884.8196,770879.4555,770880.6187,770890.133,276.99,280.69,285.04,289.66,294.72,220025.2,770882.1308,285.42,3511966.907,815227125.1,272107001.7,703651214.3,243605114.2,16412356.34,1283137457,20045301.41,35011860.43,52087867747,3395575.539,784873965.1,262764891.5,674729063.9,229951715.7,15800852.28,1230778010,19243624.73,33606016.07,50038433953,5,2016; 2017; 2018; 2019; 2020,3054.453038,34,268.8344389,122.9008785,3054.45 ,34 ,268.83 ,122.90 ,,3064.54,34,268.83,122.9,193203.476,207906.204,212228.287,216565.323,220892.334,210159.1248,283659993.1,339205615.8,356128225,320909489.2,300306331.7,320041930.9,5,gdp_2016; gdp_2017; gdp_2018; gdp_2019; gdp_2020,283659993.1,332131451.7,340387257.3,301266324.4,278488634.8,307186732.2,22.6,271.3,277.47
"Palestine, State of","Palestine, State of",PS,PSE,275,ISO 3166-2:PS,no,Asia,Western Asia,NA,142,145,NA,NA,6020,NA,307230,307210,20,-0.210066316,-0.036664397,-1.030394268,0.254430284,0.841486233,1.408501744,0.307085441,NA,NA,4593.85,4700.95,4805.55,4909.78,5019.4,6019.984275,6019.990011,6020.031068,6019.985777,6019.98105,763.1,780.8900001,798.2599999,815.58,833.7900001,4805.906,6019.994436,798.324,4208675.102,53838149.83,140697389,43458823.75,126790653,76437508.12,46043771.81,474880.7914,105901.789,6086819155,4005696.247,51793623.05,135062302.9,41581024.73,122098409.4,73374666.42,44042461.7,454515.307,102240.6349,5835525695,5,2016; 2017; 2018; 2019; 2020,NA,NA,NA,NA,NA,NA,NA,NA,,NA,NA,NA,NA,NA,4454.805,4569.087,4685.306,4803.269,4628.11675,NA,16128000,16276600,17133500,15531700,16267450,4,gdp_2017; gdp_2018; gdp_2019; gdp_2020,NA,15791649.09,15557169.7,16084742.71,14403299.14,15459215.16,18.6,409,797.89
Philippines,Philippines,PH,PHL,608,ISO 3166-2:PH,yes,Asia,South-eastern Asia,NA,142,35,NA,83,300000,70,307230,306357,873,-3.711018722,0.013160314,-0.308599044,0.294726974,-0.157679037,-0.004715394,0.412137468,yes,1995,104875.27,106738.5,108568.84,110380.8,112190.98,300003.6329,299995.7841,299996.7947,299996.7386,299999.9465,349.58,355.8000001,361.9,367.94,373.97,108550.878,299998.5794,361.838,2098094.8,137222345.3,448432846.8,120770490.7,2385109338,258229499.7,219182239.4,39964968.25,1168580.4,1.03E+11,2018367.707,131288972.2,427638754,115738321.4,2274362117,247666159.9,210693420.9,38372122.69,1109959.172,98771380881,5,2016; 2017; 2018; 2019; 2020,1846.895135,13,328.1025454,200.7603144,1846.90 ,13 ,328.10 ,200.76 ,,1856.98,13,328.1,200.76,103320.221,105172.92,106651.398,108116.623,109581.085,106568.4494,304905420.8,328480867.1,346842094.2,376823278.6,361751116.3,343760555.4,5,gdp_2016; gdp_2017; gdp_2018; gdp_2019; gdp_2020,304905420.8,321630368.6,331511576.1,353757579.3,335469365.4,329454862,25.7,2516.2,365.27
Qatar,Qatar,QA,QAT,634,ISO 3166-2:QA,no,Asia,Western Asia,NA,142,145,NA,1,11490,6,307230,307193,37,0.14481914,0.782260626,-1.116867724,-0.783538103,0.688524133,0.73495731,0.263439116,yes,1996,2595.17,2711.76,2766.73,2807.24,2760.39,11586.09759,11586.24226,11585.97152,11585.80272,11586.10703,223.9900001,234.0499999,238.8000001,242.3000001,238.25,2728.258,11586.04422,235.478,32378732.64,258380013.5,280108823.5,83984831.76,288666848.1,32496049.66,49367549.12,3360188.649,414465.3048,29733054085,31098856.93,248495288.6,268243650.3,80484236.27,276941213.1,31369213.13,47029951.04,3224364.254,395683.1851,28595570304,5,2016; 2017; 2018; 2019; 2020,247.468474,2,247.468474,247.468474,247.47 ,2 ,247.47 ,247.47 ,,524.52,2,247.47,247.47,2569.804,2724.727,2781.682,2832.071,2881.06,2757.8688,152468684.8,161099122.2,183334953.8,175837551,144411363.3,163430335,5,gdp_2016; gdp_2017; gdp_2018; gdp_2019; gdp_2020,152468684.8,157739385.3,175231497.3,165074372.8,133919665.3,156886721.1,26.7,80,250.74
Saudi Arabia,Saudi Arabia,SA,SAU,682,ISO 3166-2:SA,no,Asia,Western Asia,NA,142,145,NA,47,2149690,16,307230,301078,6152,0.317725871,0.961436929,-1.539964184,-0.560013577,-0.062727324,-0.144362485,-0.071174599,yes,2005,33416.27,34193.12,35018.13,35827.36,35997.11,2148956.27,2149159.019,2149670.35,2149211.758,2149081.194,15.55,15.91,16.29,16.67,16.75,34890.398,2149215.718,16.234,73638580.21,668563615,1590090821,929598681.8,3390860747,228655932.3,830325547.6,51866655.77,13864190.61,1.37E+11,70520133.12,642514696.2,1524458238,889945847.3,3268946494,219837892.2,795332108.2,49769260.82,13246863.75,1.32E+11,5,2016; 2017; 2018; 2019; 2020,665.609263,8,225.6914157,89.5143955,665.61 ,8 ,225.69 ,89.51 ,,934.72,8,225.69,89.51,32275.688,33101.185,33702.759,34268.528,34813.866,33632.4052,646438387.7,688586094.4,816578674.5,803616264.8,703367841.2,731717452.5,5,gdp_2016; gdp_2017; gdp_2018; gdp_2019; gdp_2020,646438387.7,674225568.5,780485667.5,754426174.4,652267132.5,701568586.1,25.8,103.9,16.19
Singapore,Singapore,SG,SGP,702,ISO 3166-2:SG,yes,Asia,South-eastern Asia,NA,142,35,NA,5,728,5,307230,307228,2,-4.99457407,-0.737972379,-0.68107453,0.507471666,-0.670143336,0.338393457,0.545799881,yes,1995,5711.93,5764.49,5814.54,5866.41,5909.87,682.9993029,683.0004917,683.0004593,683.0008022,683.000089,8363.01,8439.95,8513.23,8589.17,8652.81,5813.448,683.000229,8511.634,71658987.22,571361614.5,680485616.8,279468059.7,304201354.1,163325867,163512145.8,54682050.65,19496355.04,3.36E+11,69097256.22,547777409.6,653166036.1,269338963.4,291269861.6,156541557.6,157172263.9,52497055.83,18734881.34,3.22E+11,5,2016; 2017; 2018; 2019; 2020,1135.372847,14,237.9744732,106.7085796,1135.37 ,14 ,237.97 ,106.71 ,,1400.4,14,237.97,106.71,5607.283,5612.253,5638.676,5703.569,5685.807,5649.5176,296965701.6,343193352.2,376998146.5,375472731.3,345295933.9,347585173.1,5,gdp_2016; gdp_2017; gdp_2018; gdp_2019; gdp_2020,296965701.6,336036023.4,360334722.4,352489700.2,320209676.2,333207164.8,26.6,2296.5,7810.17
Sri Lanka,Sri Lanka,LK,LKA,144,ISO 3166-2:LK,yes,Asia,Southern Asia,NA,142,34,NA,8,65610,6,307230,307035,195,-3.518492387,0.10306994,-0.610731575,0.290062819,-0.236299131,0.996899771,0.407851493,yes,1995,21425.49,21506.81,21580.71,21649.66,21715.08,62704.46896,62705.72628,62705.45676,62705.38145,62704.16679,341.69,342.98,344.16,345.26,346.31,21575.55,62705.04005,344.08,1066413.796,347302828.8,63852439.72,135927584.1,418740538.4,16935551.44,34868140.07,3967442.242,9643934.988,18974590318,1029113.565,334333786.1,61526413.37,130645825.9,402582574.2,16141055.9,33536146.59,3810459.406,9272513.249,18281972810,4,2016; 2017; 2019; 2020,2700.478714,35,258.1589475,99.48578446,2700.48 ,35 ,258.16 ,99.49 ,,2710.56,35,258.16,99.49,21202.999,21444,21670,21802.999,21919.001,21607.7998,81321877.5,87428128.12,87963042.34,83902574.44,80969683.54,84317061.19,5,gdp_2016; gdp_2017; gdp_2018; gdp_2019; gdp_2020,81321877.5,85604806.52,84075051.14,78766820.73,75087116.88,80971134.55,26.7,1879.8,334.08
Syrian Arab Republic,Syrian Arab Republic,SY,SYR,760,ISO 3166-2:SY,no,Asia,Western Asia,NA,142,145,NA,6,185180,3,307230,306564,666,0.61505362,-0.435735715,-1.603488619,0.10259408,0.603122167,0.08346798,-0.199033511,no,NA,18964.25,18983.37,19333.46,20098.25,20772.6,183708.7087,183715.9586,183708.2858,183713.4369,183714.5131,103.23,103.33,105.24,109.4,113.07,19630.386,183712.1806,106.854,NA,NA,NA,NA,NA,NA,NA,NA,NA,NA,NA,NA,NA,NA,NA,NA,NA,NA,NA,NA,NA,NA,NA,NA,NA,NA,271.52 ,2 ,271.52 ,271.52 ,,536.55,2,271.52,271.52,18430.452,17095.669,16945.063,17070.131,17500.656,17408.3942,NA,16340665.43,21445775.36,NA,NA,18893220.4,2,gdp_2017; gdp_2018,NA,15999879.36,20497866.06,NA,NA,18248872.71,18.1,252.9,94.51
"Taiwan, Province of China","Taiwan, Province of China",TW,TWN,158,ISO 3166-2:TW,yes,Asia,Eastern Asia,NA,142,30,NA,37,NA,8,NA,NA,NA,NA,NA,NA,NA,NA,NA,NA,yes,2002,23594.47,23665.02,23726.19,23777.74,23821.46,35410.11826,35409.71391,35410.10984,35409.88831,35410.13482,666.32,668.32,670.0400001,671.5,672.7300001,23716.976,35409.99303,669.782,24012069.43,286906819.4,872167859.3,298352182.1,1349808338,263234974.4,1464335906,55472280.6,20388227.33,2.70E+11,23036703.5,275677975.1,837950321.8,286049902.7,1294470823,252330809.4,1405491954,53066421.92,19541452.09,2.59E+11,5,2016; 2017; 2018; 2019; 2020,NA,NA,NA,NA,NA,NA,NA,NA,,NA,NA,NA,NA,23515.945,23555.522,23580.08,23596.027,23561.236,23561.762,543002000,590780000,608186000,610872000,669324000,604432800,4,gdp_2016; gdp_2017; gdp_2018; gdp_2019,543002000,578459229.1,581304007.8,573479963.3,620696626.5,579388365.3,NA,NA,#VALUE!
Tajikistan,Tajikistan,TJ,TJK,762,ISO 3166-2:TJ,no,Asia,Central Asia,NA,142,143,NA,NA,141380,NA,307230,306709,521,0.637031126,-1.874868737,-0.54210154,0.092178868,0.70685827,0.281575342,0.131549901,yes,2013,8725.32,8925.53,9128.13,9337,9543.21,143108.414,143106.1408,143096.5669,143095.7854,143098.0657,60.96999999,62.36999999,63.78999998,65.25000002,66.68999999,9131.838,143100.9946,63.81399999,4617822,5470325.524,16130692,8247827.8,226242545.8,28545541.8,6396026.4,48788.6,348272.8,3082698631,4358721.321,5242013.592,15463089.3,7940465.343,217041826.6,27442299.94,6109765.197,46530.98617,330964.4337,2957011508,5,2016; 2017; 2018; 2019; 2020,1451.302532,14,268.3772361,137.9136624,1451.30 ,14 ,268.38 ,137.91 ,,1461.39,14,268.38,137.91,8734.951,8880.27,9100.847,9321.023,9537.642,9114.9466,6951656.96,7536439.875,7765014.424,8300784.857,8133996.648,7737578.553,5,gdp_2016; gdp_2017; gdp_2018; gdp_2019; gdp_2020,6951656.96,7379266.733,7421798.603,7792686.185,7543049.822,7417691.661,2.9,465.7,67.46
Thailand,Thailand,TH,THA,764,ISO 3166-2:TH,no,Asia,South-eastern Asia,NA,142,35,NA,68,513120,21,307230,305674,1556,-1.57729455,0.955910654,-0.272036017,-0.396551406,0.015301254,-0.247614808,0.564491357,yes,1995,70607.04,70898.2,71127.8,71307.76,71475.66,510904.7757,510904.3741,510902.1692,510873.7641,510905.361,138.2,138.77,139.22,139.58,139.9,71083.292,510898.0888,139.134,39058210.22,855509989.8,939869382.8,369246093.1,935372524.3,277783045.7,1506422353,110206377.5,38422218.81,2.18E+11,37309869.99,819206034.3,901523197.8,353996372.3,895597585.4,266454037.3,1444102879,105601463.6,36667710.09,2.09E+11,5,2016; 2017; 2018; 2019; 2020,2155.147504,22,284.4613488,134.7004439,2155.15 ,22 ,284.46 ,134.70 ,,2165.23,22,284.46,134.7,68863.518,69209.816,69428.452,69625.58,69799.98,69385.4692,406839689.2,456356961.4,506754616.2,544081056.2,499681757,482742816,5,gdp_2016; gdp_2017; gdp_2018; gdp_2019; gdp_2020,406839689.2,446839595.3,484355919.7,510777354.6,463379142.1,462438340.2,26.2,1410.7,136.03
Timor-Leste,Timor-Leste,TL,TLS,626,ISO 3166-2:TL,yes,Asia,South-eastern Asia,NA,142,35,NA,7,14870,1,307230,307184,46,-2.761817839,0.594682403,0.102684525,-0.134955231,0.376883334,-0.484039127,0.853516833,no,NA,1224.56,1243.24,1261.85,1280.44,1300,14870.18822,14869.51322,14869.78553,14869.81768,14870.73896,82.35000001,83.60999998,84.85999999,86.10999997,87.42000001,1262.018,14870.00872,84.86999999,11756.56,4003395.4,1959632.6,1902297.41,33033328.63,6237370.4,467873.03,36782.88,38596.02,588047302.4,11511.37587,3919904.223,1918764.283,1862624.824,32344415.54,6107289.47,458115.4952,36015.76968,37791.09648,575783522.2,1,2017,5619.088159,119,240.618211,65.41377161,5619.09 ,119 ,240.62 ,65.41 ,,5629.17,119,240.62,65.41,NA,1243.26,1267.975,1293.12,1318.442,1280.69925,NA,1615609.7,1583876.2,2047931.7,1902156.8,1787393.6,4,gdp_2017; gdp_2018; gdp_2019; gdp_2020,NA,1581916.012,1513868.427,1922575.918,1763962.309,1695580.667,24.3,1626.5,88.66
Turkey,Turkey,TR,TUR,792,ISO 3166-2:TR,no,Asia,Western Asia,NA,142,145,NA,68,785350,54,307230,304309,2921,0.024421205,-1.593783438,-0.888463166,-0.090161305,0.485799985,0.355094601,-0.096881681,yes,1995,81019.39,82089.83,82809.3,83481.68,84135.43,769634.1788,769568.1072,769603.1599,769629.2062,769625.2287,105.27,106.67,107.6,108.47,109.32,82707.126,769611.9762,107.466,63351537.6,650019734.6,940965436.2,312426341.4,2500975495,127777052.8,2051202957,50482454.2,11817984.4,2.20E+11,61333566.77,626799107.5,903773736,299294714.6,2381505362,122793889.5,1965224035,48326765.05,11344690.49,2.12E+11,5,2016; 2017; 2018; 2019; 2020,6029.056501,123,250.8211262,56.4483317,6029.06 ,123 ,250.82 ,56.45 ,,6104.79,123,250.82,56.45,79512.428,81116.447,82340.088,83429.604,84339.066,82147.5266,857748996.1,858996263.1,778471901.7,761004425.6,719954821.7,795235281.6,5,gdp_2016; gdp_2017; gdp_2018; gdp_2019; gdp_2020,857748996.1,841081817.5,744063224.7,714422645.1,667649044.4,764993145.6,10.8,594.8,107.39
Turkmenistan,Turkmenistan,TM,TKM,795,ISO 3166-2:TM,no,Asia,Central Asia,NA,142,143,NA,NA,488100,NA,307230,305389,1841,0.658429946,-0.751005939,-1.188148483,-0.608491143,0.533548977,0.064763016,-0.239664251,no,NA,5868.56,5968.38,6065.07,6158.42,6250.44,469860.6886,469951.1811,469796.282,469749.8093,469957.8947,12.49,12.7,12.91,13.11,13.3,6062.174,469863.1711,12.902,NA,NA,NA,NA,NA,NA,NA,NA,NA,NA,NA,NA,NA,NA,NA,NA,NA,NA,NA,NA,NA,NA,NA,NA,NA,NA,349.86 ,3 ,233.24 ,229.32 ,,632.07,3,233.24,229.32,5662.544,5757.667,5850.902,5942.094,6031.187,5848.8788,36179886.08,37926285.71,40765428.57,45231428.57,NA,40025757.23,4,gdp_2016; gdp_2017; gdp_2018; gdp_2019,36179886.08,37135329.56,38963585.17,42462771.25,NA,38685393.01,15.6,157.9,12.36
United Arab Emirates,United Arab Emirates,AE,ARE,784,ISO 3166-2:AE,no,Asia,Western Asia,NA,142,145,NA,16,98647.9,20,307230,307005,225,0.167910892,1.205808735,-1.426470264,-0.554175041,0.074932494,0.172978378,0.070771452,yes,1996,8994.26,9068.3,9140.17,9211.66,9287.29,71022.26785,71023.65288,71024.71054,71022.8219,71025.4665,126.64,127.68,128.69,129.7,130.76,9140.336,71023.78393,128.694,74853267.9,1108109750,2101098720,749356210.3,1228148905,122804194.1,989028486.8,69278713.73,5176343.44,2.62E+11,71712698.17,1067558455,2017402946,720674484.2,1181104464,117906577.3,948276194.2,66452500.75,4951794.956,2.51E+11,5,2016; 2017; 2018; 2019; 2020,395.250366,3,263.500244,255.484359,395.25 ,3 ,263.50 ,255.48 ,,660.28,3,263.5,255.48,9269.612,9487.206,9630.966,9770.526,9890.4,9609.742,348743270.4,385605506.9,422215043.6,417215559.5,358868765.2,386529629.1,5,gdp_2016; gdp_2017; gdp_2018; gdp_2019; gdp_2020,348743270.4,377563668.8,403553020,391677411.6,332796421.3,370866758.4,27.9,93.4,100.26
Uzbekistan,Uzbekistan,UZ,UZB,860,ISO 3166-2:UZ,no,Asia,Central Asia,NA,142,143,NA,1,448924,NA,307230,305479,1751,0.594037689,-1.054586711,-0.935151618,-0.71932077,0.487090703,0.147681677,-0.199033377,no,NA,31453.57,31945.68,32449.58,32976.95,33526.66,425393.1566,425375.233,425400.8915,425399.2518,425411.2422,73.94,75.1,76.27999999,77.52,78.81000001,32470.488,425395.955,76.33,31637426.19,41574085.2,36631979.57,50606498.8,375248830.4,119311575.2,78933879.94,2617623.468,113213,17809076284,30083919.96,39515763.95,34583003.44,48107948.43,353818755,113400693,74877889.75,2479592.189,106295.0911,16856756416,4,2017; 2018; 2019; 2020,2522.508736,51,229.966749,57.17809767,2522.51 ,51 ,229.97 ,57.18 ,,2787.54,51,229.97,57.18,31848.2,32388.599,32956.1,33580.349,34232.052,33001.06,67220336.64,62081323.3,52633143.81,59907674.03,59894305.35,60347356.63,5,gdp_2016; gdp_2017; gdp_2018; gdp_2019; gdp_2020,67220336.64,60786611.63,50306744.05,56240670.23,55542895.93,58019451.7,12.5,191.2,76.25
Viet Nam,Viet Nam,VN,VNM,704,ISO 3166-2:VN,no,Asia,South-eastern Asia,NA,142,35,NA,26,331340,16,307230,306221,1009,-2.111351,0.679026586,1.07327795,-0.701848485,0.811107254,0.038943871,0.384810294,yes,2007,93126.53,94033.05,94914.33,95776.72,96648.69,313409.6049,313412.1588,313403.7642,313405.4974,313407.7761,297.14,300.03,302.85,305.6,308.38,94899.864,313407.7603,302.8,104166514.2,603478610.3,2876778713,224875828.5,3048988322,283512294.4,968617992.6,79011498.45,4529307.695,2.28E+11,99759859.94,578443193,2763995604,215443373.4,2920476762,271899821.8,927211015,75539448.68,4323590.376,2.18E+11,5,2016; 2017; 2018; 2019; 2020,2181.940581,19,300.5583014,160.7610523,2181.94 ,19 ,300.56 ,160.76 ,,2192.03,19,300.56,160.76,92701.103,94600.639,95545.959,96462.105,97338.585,95329.6782,202615898.1,281353402.2,308702086.8,330391329.5,343242570.8,293261057.5,5,gdp_2016; gdp_2017; gdp_2018; gdp_2019; gdp_2020,202615898.1,275485751.3,295057367.7,310167772.5,318305493,280326456.5,23.4,1777.5,293.77
Yemen,Yemen,YE,YEM,887,ISO 3166-2:YE,no,Asia,Western Asia,NA,142,145,NA,35,527970,10,307230,305854,1376,-0.4442455,0.635199598,-0.762901278,-0.98803356,-0.386157775,0.021367564,0.661273131,yes,2014,29274,30034.39,30790.51,31546.69,32284.05,527935.0766,527937.9504,527957.9904,527978.0753,527948.4873,55.45,56.89,58.32,59.75,61.15,30785.928,527951.516,58.312,467164.155,11561225.69,22470786.07,23469950.51,759530957.2,88249331.64,9898584.135,198469.279,46389.4505,4012492499,443824.3025,10942000.99,21248354.1,22162667.35,718708537.2,83228304.73,9390767.057,188021.6974,43827.85135,3795028469,2,2018; 2019,933.646821,16,190.4603363,69.7459935,933.65 ,16 ,190.46 ,69.75 ,,1202.75,16,190.46,69.75,27584.213,27834.81,28498.684,29161.922,29825.968,28581.1194,27317604.35,26842231.21,21606161.07,21887614.22,18840511.91,23298824.55,5,gdp_2016; gdp_2017; gdp_2018; gdp_2019; gdp_2020,27317604.35,26282434.02,20651162.67,20547853.23,17471720.99,22454155.05,25.8,109.1,56.49
